Workbook

Sheet Config
A1: 이름 | B1: 활성
A2: 참가자1 | B2: TRUE
A3: 참가자2 | B3: TRUE
A4: 참가자3 | B4: TRUE
A5: 참가자4 | B5: TRUE
A6: 참가자5 | B6: TRUE
A7: 참가자6 | B7: TRUE
A8: 참가자7 | B8: TRUE
A9: 참가자8 | B9: TRUE
A10: 참가자9 | B10: TRUE
A11: 참가자10 | B11: TRUE

Sheet Entries
A1: 타임스탬프 | B1: 이름 | C1: 학습일자 | D1: 학습수단 | E1: 학습내용 | F1: 학습량_숫자 | G1: 학습량_단위 | H1: 목표달성 | I1: 메모

Sheet Dashboard
A1: Study Planner — 그룹 대시보드
A3: 기준일 | B3: =TODAY()
A4: 주간 시작(월) | B4: =B3-WEEKDAY(B3,3)
A5: 주간 종료(일) | B5: =B4+6
A7: 이번 주 현황
A8: 이름 | B8: 이번 주 기록 수 | C8: 목표 달성 수 | D8: 상태
A9: =Config!A2 | B9: =COUNTIFS(Entries!$B:$B,$A9,Entries!$C:$C,">="&$B$4,Entries!$C:$C,"<="&$B$5) | C9: =COUNTIFS(Entries!$B:$B,$A9,Entries!$C:$C,">="&$B$4,Entries!$C:$C,"<="&$B$5,Entries!$H:$H,TRUE) | D9: =IF($A9="","",IF(B9=0,"⚪ 미기록","✅ 기록함"))
A10: =Config!A3 | B10: =COUNTIFS(Entries!$B:$B,$A10,Entries!$C:$C,">="&$B$4,Entries!$C:$C,"<="&$B$5) | C10: =COUNTIFS(Entries!$B:$B,$A10,Entries!$C:$C,">="&$B$4,Entries!$C:$C,"<="&$B$5,Entries!$H:$H,TRUE) | D10: =IF($A10="","",IF(B10=0,"⚪ 미기록","✅ 기록함"))
A11: =Config!A4 | B11: =COUNTIFS(Entries!$B:$B,$A11,Entries!$C:$C,">="&$B$4,Entries!$C:$C,"<="&$B$5) | C11: =COUNTIFS(Entries!$B:$B,$A11,Entries!$C:$C,">="&$B$4,Entries!$C:$C,"<="&$B$5,Entries!$H:$H,TRUE) | D11: =IF($A11="","",IF(B11=0,"⚪ 미기록","✅ 기록함"))
A12: =Config!A5 | B12: =COUNTIFS(Entries!$B:$B,$A12,Entries!$C:$C,">="&$B$4,Entries!$C:$C,"<="&$B$5) | C12: =COUNTIFS(Entries!$B:$B,$A12,Entries!$C:$C,">="&$B$4,Entries!$C:$C,"<="&$B$5,Entries!$H:$H,TRUE) | D12: =IF($A12="","",IF(B12=0,"⚪ 미기록","✅ 기록함"))
A13: =Config!A6 | B13: =COUNTIFS(Entries!$B:$B,$A13,Entries!$C:$C,">="&$B$4,Entries!$C:$C,"<="&$B$5) | C13: =COUNTIFS(Entries!$B:$B,$A13,Entries!$C:$C,">="&$B$4,Entries!$C:$C,"<="&$B$5,Entries!$H:$H,TRUE) | D13: =IF($A13="","",IF(B13=0,"⚪ 미기록","✅ 기록함"))
A14: =Config!A7 | B14: =COUNTIFS(Entries!$B:$B,$A14,Entries!$C:$C,">="&$B$4,Entries!$C:$C,"<="&$B$5) | C14: =COUNTIFS(Entries!$B:$B,$A14,Entries!$C:$C,">="&$B$4,Entries!$C:$C,"<="&$B$5,Entries!$H:$H,TRUE) | D14: =IF($A14="","",IF(B14=0,"⚪ 미기록","✅ 기록함"))
A15: =Config!A8 | B15: =COUNTIFS(Entries!$B:$B,$A15,Entries!$C:$C,">="&$B$4,Entries!$C:$C,"<="&$B$5) | C15: =COUNTIFS(Entries!$B:$B,$A15,Entries!$C:$C,">="&$B$4,Entries!$C:$C,"<="&$B$5,Entries!$H:$H,TRUE) | D15: =IF($A15="","",IF(B15=0,"⚪ 미기록","✅ 기록함"))
A16: =Config!A9 | B16: =COUNTIFS(Entries!$B:$B,$A16,Entries!$C:$C,">="&$B$4,Entries!$C:$C,"<="&$B$5) | C16: =COUNTIFS(Entries!$B:$B,$A16,Entries!$C:$C,">="&$B$4,Entries!$C:$C,"<="&$B$5,Entries!$H:$H,TRUE) | D16: =IF($A16="","",IF(B16=0,"⚪ 미기록","✅ 기록함"))
A17: =Config!A10 | B17: =COUNTIFS(Entries!$B:$B,$A17,Entries!$C:$C,">="&$B$4,Entries!$C:$C,"<="&$B$5) | C17: =COUNTIFS(Entries!$B:$B,$A17,Entries!$C:$C,">="&$B$4,Entries!$C:$C,"<="&$B$5,Entries!$H:$H,TRUE) | D17: =IF($A17="","",IF(B17=0,"⚪ 미기록","✅ 기록함"))
A18: =Config!A11 | B18: =COUNTIFS(Entries!$B:$B,$A18,Entries!$C:$C,">="&$B$4,Entries!$C:$C,"<="&$B$5) | C18: =COUNTIFS(Entries!$B:$B,$A18,Entries!$C:$C,">="&$B$4,Entries!$C:$C,"<="&$B$5,Entries!$H:$H,TRUE) | D18: =IF($A18="","",IF(B18=0,"⚪ 미기록","✅ 기록함"))
A20: 이번 주 미기록자 | B20: =TEXTJOIN(", ",TRUE,ARRAYFORMULA(IF(($A$9:$A$18<>"")*($B$9:$B$18=0),$A$9:$A$18,"")))
A23: 이번 달 현황
A24: 이번 달 시작 | B24: =DATE(YEAR($B$3),MONTH($B$3),1)
A25: 이번 달 종료 | B25: =EOMONTH($B$3,0)
A27: 이름 | B27: 이번 달 기록 수 | C27: 목표 달성 수
A28: =Config!A2 | B28: =COUNTIFS(Entries!$B:$B,$A28,Entries!$C:$C,">="&$B$24,Entries!$C:$C,"<="&$B$25) | C28: =COUNTIFS(Entries!$B:$B,$A28,Entries!$C:$C,">="&$B$24,Entries!$C:$C,"<="&$B$25,Entries!$H:$H,TRUE)
A29: =Config!A3 | B29: =COUNTIFS(Entries!$B:$B,$A29,Entries!$C:$C,">="&$B$24,Entries!$C:$C,"<="&$B$25) | C29: =COUNTIFS(Entries!$B:$B,$A29,Entries!$C:$C,">="&$B$24,Entries!$C:$C,"<="&$B$25,Entries!$H:$H,TRUE)
A30: =Config!A4 | B30: =COUNTIFS(Entries!$B:$B,$A30,Entries!$C:$C,">="&$B$24,Entries!$C:$C,"<="&$B$25) | C30: =COUNTIFS(Entries!$B:$B,$A30,Entries!$C:$C,">="&$B$24,Entries!$C:$C,"<="&$B$25,Entries!$H:$H,TRUE)
A31: =Config!A5 | B31: =COUNTIFS(Entries!$B:$B,$A31,Entries!$C:$C,">="&$B$24,Entries!$C:$C,"<="&$B$25) | C31: =COUNTIFS(Entries!$B:$B,$A31,Entries!$C:$C,">="&$B$24,Entries!$C:$C,"<="&$B$25,Entries!$H:$H,TRUE)
A32: =Config!A6 | B32: =COUNTIFS(Entries!$B:$B,$A32,Entries!$C:$C,">="&$B$24,Entries!$C:$C,"<="&$B$25) | C32: =COUNTIFS(Entries!$B:$B,$A32,Entries!$C:$C,">="&$B$24,Entries!$C:$C,"<="&$B$25,Entries!$H:$H,TRUE)
A33: =Config!A7 | B33: =COUNTIFS(Entries!$B:$B,$A33,Entries!$C:$C,">="&$B$24,Entries!$C:$C,"<="&$B$25) | C33: =COUNTIFS(Entries!$B:$B,$A33,Entries!$C:$C,">="&$B$24,Entries!$C:$C,"<="&$B$25,Entries!$H:$H,TRUE)
A34: =Config!A8 | B34: =COUNTIFS(Entries!$B:$B,$A34,Entries!$C:$C,">="&$B$24,Entries!$C:$C,"<="&$B$25) | C34: =COUNTIFS(Entries!$B:$B,$A34,Entries!$C:$C,">="&$B$24,Entries!$C:$C,"<="&$B$25,Entries!$H:$H,TRUE)
A35: =Config!A9 | B35: =COUNTIFS(Entries!$B:$B,$A35,Entries!$C:$C,">="&$B$24,Entries!$C:$C,"<="&$B$25) | C35: =COUNTIFS(Entries!$B:$B,$A35,Entries!$C:$C,">="&$B$24,Entries!$C:$C,"<="&$B$25,Entries!$H:$H,TRUE)
A36: =Config!A10 | B36: =COUNTIFS(Entries!$B:$B,$A36,Entries!$C:$C,">="&$B$24,Entries!$C:$C,"<="&$B$25) | C36: =COUNTIFS(Entries!$B:$B,$A36,Entries!$C:$C,">="&$B$24,Entries!$C:$C,"<="&$B$25,Entries!$H:$H,TRUE)
A37: =Config!A11 | B37: =COUNTIFS(Entries!$B:$B,$A37,Entries!$C:$C,">="&$B$24,Entries!$C:$C,"<="&$B$25) | C37: =COUNTIFS(Entries!$B:$B,$A37,Entries!$C:$C,">="&$B$24,Entries!$C:$C,"<="&$B$25,Entries!$H:$H,TRUE)
A40: 최근 공유 메모
A41: =QUERY(Entries!A:I,"select C,B,I where I != '' order by C desc limit 15",1)
